timestamp,price,location,selling_rate
2022-07-12,70921,New York,0.6109672167343994
2020-04-15,76661,San Francisco,0.8849119645310393
2020-02-03,44273,Chicago,0.6409628480037528
2022-09-28,57137,Miami,0.8576690061171888
2020-10-30,79281,New York,0.57241666860837
2018-10-05,67063,New York,0.8054987468752857
2022-11-14,41929,New York,0.5245382144098572
2023-01-03,72084,Miami,0.6851044917877365
2019-12-07,49021,Chicago,0.5022041760942104
2023-11-06,70556,San Francisco,0.8241163052277745
2022-08-29,66018,Miami,0.8801944144151136
2019-06-22,31435,Miami,0.5140429483308583
2023-10-22,34192,Chicago,0.8735385445893258
2023-04-25,33859,New York,0.8095415565965411
2023-12-04,52882,San Francisco,0.6435446315171182
2020-09-03,47709,Los Angeles,0.8635506204891221
2020-01-26,38292,New York,0.6185029085003604
2023-08-09,50816,New York,0.6637181248939048
2023-02-15,78579,Chicago,0.5386845048768086
2018-04-10,77624,Los Angeles,0.7627755847600577
2023-07-02,36720,San Francisco,0.5118403314969088
2020-01-26,30372,San Francisco,0.693962110079615
2020-03-08,33168,San Francisco,0.7732767401010135
2019-10-22,47890,Chicago,0.8284950403796444
2019-02-28,59547,Los Angeles,0.5599765558486649
2019-10-02,61109,Los Angeles,0.801636146499487
2019-06-29,42629,New York,0.7876308094220119
2019-12-16,36424,Miami,0.7238282136479137
2018-06-01,71986,Los Angeles,0.7338578391151456
2021-04-22,53037,San Francisco,0.5365082883427112
2023-09-08,66295,San Francisco,0.7401884172961521
2020-03-13,65019,Miami,0.652608882828333
2023-12-17,63011,Miami,0.8470323405366589
2023-12-17,62540,New York,0.6252395526943961
2023-05-11,79526,New York,0.7306380309454099
2023-04-10,43151,Chicago,0.6706285598804778
2020-01-27,34161,San Francisco,0.8505047753001252
2018-10-01,32512,Chicago,0.6015666667956756
2019-01-24,74430,San Francisco,0.5315209441237841
2022-06-30,78661,Chicago,0.7994622883932558
2022-01-06,59807,New York,0.6651586467633286
2020-06-07,52383,Los Angeles,0.7356393436505166
2018-09-15,69109,Miami,0.5105557326853405
2021-09-07,38993,San Francisco,0.8808439165589608
2023-10-07,78746,New York,0.8510473509539906
2019-03-07,51634,New York,0.749547160230911
2018-04-02,75595,New York,0.5068119368450472
2023-04-05,50855,Chicago,0.6511905895931507
2022-05-09,78275,Miami,0.8915186150968596
2018-03-26,33983,New York,0.7725321434960939
2018-11-21,67703,Chicago,0.5643951445253677
2020-02-14,69709,New York,0.6842386994618003
2020-12-07,49169,Chicago,0.8866950975373944
2019-10-02,44640,Los Angeles,0.7138832697666373
2023-07-30,30945,Chicago,0.5098458112119298
2021-03-01,30848,San Francisco,0.7479088337103911
2020-08-30,58856,Miami,0.6084866123724639
2021-04-19,79471,Chicago,0.5395383807507618
2023-07-18,37640,Miami,0.6611633778927573
2021-03-13,56042,Chicago,0.7234092389728979
2022-08-12,43189,Miami,0.5068162872191211
2019-01-09,60515,Los Angeles,0.7236187234543789
2023-02-21,32093,San Francisco,0.704481258735855
2019-07-15,67856,San Francisco,0.8175633532395041
2021-08-22,72558,San Francisco,0.6694199267261589
2022-05-25,54166,Chicago,0.7213801718679544
2022-08-27,56794,San Francisco,0.7968037216228505
2022-01-12,47143,New York,0.8588583487127782
2018-09-14,50880,New York,0.652013830409475
2023-03-21,66155,San Francisco,0.7406533983132586
2021-08-09,35785,San Francisco,0.7778443613665527
2023-05-09,68030,Chicago,0.5173082705768784
2020-03-27,30877,San Francisco,0.8203042033944539
2022-06-23,37997,Miami,0.6509720740861575
2020-08-31,58853,Los Angeles,0.768095576577444
2019-01-04,30081,Chicago,0.6886656264819796
2023-07-17,65014,Chicago,0.780935657076683
2018-07-21,42316,New York,0.7897323916943115
2022-03-17,78842,Chicago,0.5766284053945869
2023-04-15,62389,Chicago,0.7648696937145802
2019-07-10,42772,Los Angeles,0.8405293751528349
2020-08-12,74983,Miami,0.5942268802019899
2023-09-03,50978,Los Angeles,0.8032733879575511
2022-09-20,34274,Miami,0.7535300452620894
2018-05-11,33670,New York,0.8820504137890255
2023-11-17,36325,Los Angeles,0.6040986309167043
2020-07-20,56378,Los Angeles,0.5617111110632014
2023-12-12,58203,Los Angeles,0.62484840611268
2023-06-11,41195,San Francisco,0.6031835112791675
2023-05-21,56014,San Francisco,0.8027331041894052
2018-07-29,35947,Los Angeles,0.7932437215387194
2021-12-06,72126,Chicago,0.7678739603421336
2018-03-28,43744,New York,0.5865516457833951
2020-05-22,51112,Chicago,0.8447227229756359
2023-08-22,63848,New York,0.8826286223435711
2018-11-04,50929,New York,0.7126423272434578
2021-01-09,64664,San Francisco,0.7597490922517544
2023-09-12,62647,New York,0.7002768396082248
2021-04-21,73151,Los Angeles,0.6134230860410416
2021-02-26,71591,Los Angeles,0.6144590415986417
2018-10-03,65817,New York,0.6253682090939653
2021-04-13,40548,San Francisco,0.5763400016656616
2022-04-28,69200,Chicago,0.8607694530517271
2021-10-27,74119,San Francisco,0.8433592536186744
2021-04-23,77054,San Francisco,0.6846557445275347
2021-07-28,32978,Chicago,0.6469005650240682
2019-09-30,52579,Los Angeles,0.8756313426188395
2020-02-10,71397,Miami,0.588949387693124
2018-04-05,57396,San Francisco,0.7214167837867207
2023-03-15,35312,Los Angeles,0.521799262216865
2023-03-20,66731,New York,0.5764808788069796
2021-09-14,48586,San Francisco,0.7416107733438039
2019-08-31,56068,San Francisco,0.764873461137668
2021-12-05,65205,New York,0.7323983274692959
2021-06-26,61098,Miami,0.847840566399716
2018-06-30,37000,Miami,0.8973620883290988
2020-01-20,32321,Chicago,0.8055447368611646
2023-12-28,40180,New York,0.6860367136575035
2020-10-17,32360,Los Angeles,0.8335738677816411
2022-07-04,40400,Los Angeles,0.5481549576664007
2020-04-23,43553,Miami,0.7733082785783719
2022-04-02,30337,Chicago,0.7073351149813736
2020-07-14,60280,Chicago,0.5712263545022873
2021-02-08,79225,Los Angeles,0.8891734469120856
2018-01-26,47124,Chicago,0.6353749679114991
2022-01-28,60111,Miami,0.7461693623853534
2020-08-14,57977,Miami,0.8514376950099809
2023-03-29,66016,Chicago,0.7026755375659283
2021-02-15,30739,Miami,0.5460551400705728
2022-01-09,43728,Miami,0.827495633738916
2022-06-08,68158,Chicago,0.6412855068235201
2023-03-12,51053,Miami,0.8932267475567355
2020-07-17,57991,New York,0.8535301785778233
2022-03-12,38604,Miami,0.8413797333395829
2023-12-10,34267,San Francisco,0.6425012710151597
2021-09-12,43409,Los Angeles,0.8028519111236263
2019-04-15,46562,New York,0.8945316252006356
2019-06-10,52344,Chicago,0.7105286447805326
2023-02-07,48853,Los Angeles,0.6882928619820926
2022-09-17,57256,San Francisco,0.5058663283888283
2021-03-22,73010,Los Angeles,0.7800815074939745
2019-08-15,38977,Miami,0.8433910274407417
2023-09-21,50623,Los Angeles,0.598982874432732
2018-07-27,47091,Chicago,0.6260098308458627
2018-06-16,39557,Miami,0.7002708085304625
2023-11-30,59426,Miami,0.5288320629446067
2021-02-27,49549,San Francisco,0.5358569904394948
2023-03-26,44181,Los Angeles,0.6684443035552323
2018-08-05,78248,San Francisco,0.6044875810813687
2018-01-25,44998,Miami,0.6624149210131074
2018-03-09,35330,Miami,0.6817545192399752
2020-10-04,54071,San Francisco,0.8905093586956473
2022-10-07,71783,Miami,0.877703928041135
2023-07-16,40417,Los Angeles,0.5558920606159065
2018-10-19,51530,New York,0.8530343894928987
2022-10-17,45469,San Francisco,0.5320826649320314
2020-10-19,62444,Chicago,0.7030541878871016
2023-09-12,73251,New York,0.5655639600439062
2022-06-29,50079,Chicago,0.6463568581427737
2021-03-08,52099,Miami,0.797336090259466
2022-09-15,44926,New York,0.6698021917427399
2021-12-16,34754,Miami,0.8227805150285334
2019-09-16,74153,Miami,0.7875262844150168
2020-02-10,40587,San Francisco,0.8771357784844065
2022-04-13,57428,Chicago,0.7136624082343509
2021-05-26,55983,Los Angeles,0.8208591815951181
2020-04-01,35612,San Francisco,0.6291628425348208
2018-11-04,71165,San Francisco,0.6382983380359458
2021-04-13,56675,Chicago,0.6602041854326022
2021-03-18,59233,San Francisco,0.6643662937192356
2022-04-15,62287,Chicago,0.5413012882663898
2020-03-18,61201,San Francisco,0.7076395757327454
2023-10-23,53151,New York,0.5387212877076102
2018-10-25,41106,Chicago,0.8559048543279056
2020-01-01,54391,Los Angeles,0.5247379132893173
2023-05-25,58254,San Francisco,0.6798777721237235
2022-12-01,69725,New York,0.6138776265561722
2022-12-29,66560,Los Angeles,0.5619477662617917
2019-03-06,40305,San Francisco,0.8135346763368849
2018-07-19,48520,San Francisco,0.7859729595678102
2021-12-18,77376,Miami,0.5583791560726052
2020-12-21,36445,San Francisco,0.7531062564425242
2020-05-15,69131,Los Angeles,0.8170220669321784
2023-05-09,62933,Los Angeles,0.8093328881479548
2021-01-17,46818,New York,0.5369118390653447
2023-09-13,77512,Miami,0.7742050876183105
2020-02-07,64736,New York,0.7864095683534309
2023-09-16,63996,New York,0.8448665068168109
2022-11-28,39220,San Francisco,0.7032177355459946
2022-01-23,51427,New York,0.6844376001213429
2018-07-17,63966,Chicago,0.886046529967788
2020-06-13,58558,Miami,0.8186049022955014
2023-05-28,74273,San Francisco,0.7234923963225957
2021-07-02,44730,Chicago,0.6322468285245118
2022-01-10,37579,Los Angeles,0.8380951984014042
2018-05-17,66174,Miami,0.6821745557857619
2023-12-18,34966,Los Angeles,0.5370740768632642
2021-10-24,68285,Los Angeles,0.6819617090853759
2021-11-01,51206,San Francisco,0.8487873584600585
2018-06-18,69965,Chicago,0.6793128587577781
2023-03-24,39166,Miami,0.50573965909614
2018-06-26,53722,San Francisco,0.7445941295665879
2022-04-11,47611,New York,0.8983320013645595
2018-11-20,75535,Miami,0.8268994336162048
2019-05-24,53771,San Francisco,0.7468951786472592
2022-12-28,37278,Miami,0.865759554719154
2020-11-19,59483,Miami,0.8254326726604249
2022-11-13,64260,San Francisco,0.6994557410960162
2018-05-27,66535,Los Angeles,0.7364881141629527
2021-07-21,45101,Los Angeles,0.792517123681208
2018-08-10,54217,San Francisco,0.8385704655915459
2019-05-25,60840,Miami,0.5232705609506846
2023-10-19,48048,Los Angeles,0.8099215428644604
2021-10-13,49807,Chicago,0.6790013759912807
2020-06-27,30184,New York,0.7643194241206164
2019-07-11,70046,New York,0.80585320438354
2020-06-04,74742,Chicago,0.7158007700109793
2021-09-08,35074,Chicago,0.5634059402321596
2023-11-10,61318,Chicago,0.6638107326073064
2019-02-28,73198,Miami,0.530749197500952
2020-08-25,62511,Los Angeles,0.7757202764621056
2018-10-02,70494,Chicago,0.8814824727852334
2020-05-10,43051,San Francisco,0.8181011248896748
2023-09-23,67977,New York,0.6559145691148475
2021-01-12,36462,New York,0.7337165984021977
2019-03-10,79445,Chicago,0.6216802703387476
2020-03-20,77263,Los Angeles,0.716418239821986
2023-11-12,34983,Chicago,0.620290762313856
2021-04-13,38092,San Francisco,0.795329902719444
2021-11-30,59011,Chicago,0.6037366031948102
2018-07-21,58456,Miami,0.8856081561735578
2023-07-05,72344,Chicago,0.7647794928694126
2018-11-26,60073,Miami,0.5275111390735375
2018-07-29,54153,Los Angeles,0.5043111054022773
2023-06-02,42271,Los Angeles,0.8988185376820401
2020-11-06,33869,San Francisco,0.5882022312863174
2023-11-25,55652,Los Angeles,0.625025099382871
2018-06-14,57274,Miami,0.5833656056808434
2019-08-30,66564,Los Angeles,0.871240708988473
2021-04-30,35393,Miami,0.7608051438674457
2021-05-04,74711,San Francisco,0.7017545294224443
2021-08-24,64274,Miami,0.7230603257970282
2018-05-17,54769,Chicago,0.6271491389196749
2020-08-10,45920,Los Angeles,0.7456700009455366
2020-05-09,44550,New York,0.6678401453819728
2023-03-31,37213,Chicago,0.5796912585696716
2021-01-16,63914,Miami,0.7626420398839526
2018-06-10,65505,Chicago,0.6495362277036848
2019-08-08,58903,Chicago,0.8140265516468647
2021-01-16,52014,Chicago,0.6661579830038108
2022-06-06,45708,Chicago,0.7033085500184786
2021-02-18,47729,Miami,0.8149865916723585
2023-03-24,31365,Los Angeles,0.6791512371678925
2020-01-03,43856,Los Angeles,0.8864884540496658
2020-07-21,48866,Chicago,0.8172114668780447
2018-10-09,56613,New York,0.8305721621259914
2020-03-11,48583,Los Angeles,0.8815681866814911
2019-04-16,46371,Miami,0.655540251537283
2021-08-01,32170,Miami,0.7320321056728684
2022-04-08,67990,Los Angeles,0.7774366963182414
2021-06-05,46473,Miami,0.7693833934162524
2019-08-19,33185,Miami,0.8811747178244078
2019-10-10,38347,San Francisco,0.6153394535513338
2019-07-28,64305,Miami,0.6165446114503967
2022-03-22,65081,Los Angeles,0.8672017608156587
2018-09-14,42403,Los Angeles,0.8197222566906239
2021-03-09,31873,New York,0.5813426496278391
2020-10-25,42683,Chicago,0.728018751237107
2018-12-15,51568,Los Angeles,0.7983054936385313
2021-07-30,65063,Miami,0.6412145561790037
2019-08-10,68723,New York,0.6737529004885561
2023-01-19,49961,San Francisco,0.7301586446643572
2020-10-03,61933,New York,0.6868434230192842
2020-01-10,54630,Miami,0.8012169560276132
2020-05-23,47700,Los Angeles,0.5023755014732278
2020-02-26,57774,New York,0.6738530097564202
2021-08-07,38211,Miami,0.6350325501315486
2019-03-14,63775,San Francisco,0.7436656211319308
2023-01-22,50165,New York,0.8103833767525439
2022-03-13,67588,Miami,0.5304580648806121
2020-10-17,46062,Chicago,0.563223893440477
2020-07-30,61940,Los Angeles,0.7660326496568133
2019-03-26,79360,Miami,0.7953609764061669
2022-02-23,49088,Chicago,0.7352807108315341
2020-03-27,65001,Los Angeles,0.8931213395871707
2023-10-09,46005,Los Angeles,0.6997845956426298
2022-08-18,56720,Los Angeles,0.5545169340390574
2022-07-19,65094,Chicago,0.774516424148432
2018-06-13,59827,New York,0.7408302088779193
2020-08-03,47800,Chicago,0.7361685900121053
2021-02-04,56460,Chicago,0.7183414540985593
2018-07-21,31193,Miami,0.8756382838198156
2022-12-11,72826,Miami,0.5516625587306232
2023-02-06,39820,San Francisco,0.5292789194099914
2019-07-05,78223,Chicago,0.5616468677509279
2022-07-31,30907,Chicago,0.5979960839619802
2023-08-03,79243,San Francisco,0.7371785277745877
2020-06-22,75639,Chicago,0.7449700996386938
2022-10-11,45223,Chicago,0.5930407509828337
2019-05-20,61802,San Francisco,0.695690199724375
2023-07-03,63865,San Francisco,0.6928247411070939
2022-12-06,75196,San Francisco,0.68124430651409
2022-01-19,65560,Los Angeles,0.8214181179650633
2022-02-06,51198,Miami,0.6886772279502528
2022-05-16,77085,San Francisco,0.8033461983824663
2019-02-05,74559,Los Angeles,0.5665924527219193
2018-10-08,39220,Miami,0.7127869376292673
2020-10-25,31716,San Francisco,0.8296419104252782
2020-10-01,77170,Chicago,0.571086633566503
2022-04-16,50295,Chicago,0.6859688674790649
2018-06-03,37533,Miami,0.7436317264142867
2019-02-12,56952,New York,0.5739098299349149
2020-11-19,66101,Miami,0.8027062423645612
2021-10-27,38527,Los Angeles,0.531598499118527
2020-05-04,74879,Chicago,0.8785662035630875
2018-01-08,58457,Chicago,0.6872885976872543
2023-12-26,78089,San Francisco,0.6344492345461906
2020-05-01,63430,Los Angeles,0.5467228028650561
2021-11-01,44809,New York,0.6730386572271458
2020-07-21,39433,Los Angeles,0.7639216117563088
2018-05-07,51395,Los Angeles,0.5377949116569536
2023-01-09,70766,Los Angeles,0.6225076380670994
2019-08-01,38989,Los Angeles,0.8344070331090845
2022-04-06,72761,New York,0.758472410239331
2020-03-15,41133,Los Angeles,0.5825492047430496
2021-09-10,52627,New York,0.5643639183172356
2018-04-23,62282,Miami,0.86179401048036
2023-05-22,41111,Los Angeles,0.6148080885363938
2019-10-13,59951,San Francisco,0.5718000675594521
2018-08-26,66562,New York,0.8999856074170409
2021-10-16,37752,New York,0.6236767311111624
2020-09-17,46639,Los Angeles,0.5498960751237455
2023-02-27,54419,San Francisco,0.6847030519011789
2022-04-29,69538,San Francisco,0.6737380440793929
2018-03-05,69153,Los Angeles,0.8707209903321325
2021-07-13,72295,San Francisco,0.5536819789905219
2019-08-27,46074,New York,0.5364545624517227
2021-12-14,68168,Los Angeles,0.5371914683626721
2023-02-12,61231,Los Angeles,0.8617149863288946
2021-07-22,51855,Los Angeles,0.6797476711844308
2021-06-03,59659,Miami,0.5602426112620903
2023-05-18,31677,Los Angeles,0.7375320393517162
2022-07-26,51454,Chicago,0.7150493422603328
2020-03-18,36149,Chicago,0.5793626990995597
2020-11-14,54983,New York,0.7412152557705484
2019-11-30,35735,Miami,0.6360924937267782
2018-10-20,45409,Miami,0.595348307092348
2020-04-17,59542,San Francisco,0.7041602443596112
2023-12-23,48293,Los Angeles,0.6166597046065551
2018-01-04,34248,Chicago,0.5888559687044853
2021-06-04,49793,Miami,0.8518889633198696
2019-11-12,52494,Chicago,0.5623050306293669
2021-12-12,75119,Chicago,0.612235990913933
2018-01-27,64333,Los Angeles,0.6544553519399303
2020-01-07,53845,Chicago,0.6094553241200091
2019-01-01,49377,New York,0.5842842570311079
2023-05-26,51672,New York,0.8084584388218352
2022-01-01,34593,Miami,0.6316064634894326
2018-07-17,40602,Miami,0.5450051830797353
2020-07-18,66107,San Francisco,0.7163580649826783
2022-07-30,70383,Chicago,0.5501953988945641
2019-08-30,39504,Miami,0.6430078429763711
2023-10-22,69105,Los Angeles,0.8527307049089136
2018-09-04,35241,Miami,0.6476644780424878
2021-03-05,46757,New York,0.7530035897153
2022-09-28,30833,Chicago,0.7058502144034525
2023-11-21,44074,New York,0.5550899383111902
2019-08-19,32073,Miami,0.759627839116334
2021-06-01,42236,Miami,0.8424139987735225
2021-02-05,36216,New York,0.5372849896181376
2023-06-17,77628,San Francisco,0.8014720356519167
2023-06-27,65736,San Francisco,0.7760845126075913
2023-07-15,75203,Miami,0.8466642299988584
2021-11-17,60403,San Francisco,0.5416367728533868
2022-09-04,52922,New York,0.6222781517586715
2022-05-02,53047,Chicago,0.7777165948905497
2018-01-01,47332,Miami,0.5088071915546601
2019-11-23,45452,Los Angeles,0.7936302710921954
2022-04-24,62270,San Francisco,0.8431914316004484
2021-01-18,48888,San Francisco,0.681321620950703
2018-12-10,58718,Los Angeles,0.6737319613706608
2018-10-10,68115,Los Angeles,0.6113875848277464
2023-09-12,75091,New York,0.5020207480020349
2023-03-05,65025,New York,0.5745214066665424
2019-03-05,31175,San Francisco,0.8919456473689484
2020-04-07,73069,Chicago,0.8469144308485427
2023-01-24,52133,New York,0.6066018554995686
2022-11-05,51004,New York,0.8854995428484186
2018-04-04,68317,Miami,0.6470850463813144
2021-11-26,51935,Miami,0.619034149900472
2019-02-09,40350,New York,0.5611230541799541
2020-07-30,55255,Chicago,0.8606444278042696
2021-04-24,68547,San Francisco,0.8947969964267437
2020-09-02,64026,Los Angeles,0.630964561621073
2019-01-11,64669,New York,0.7813721693433708
2019-05-13,35042,Chicago,0.6341213639238219
2021-12-09,45937,Chicago,0.5419962957221821
2021-10-21,79746,Chicago,0.6570769227529296
2023-02-23,47870,New York,0.7206279843044704
2020-01-09,59785,New York,0.5492067036705977
2019-02-24,62869,Chicago,0.8273091099159045
2023-05-30,57000,Chicago,0.6989452467573158
2022-04-12,44920,New York,0.5937531810018292
2021-10-30,69602,San Francisco,0.7371038314171774
2020-11-12,73042,New York,0.8173037224217609
2019-04-06,71483,Miami,0.6310497396207904
2023-01-13,49052,Chicago,0.7805905297602378
2022-01-08,65979,San Francisco,0.671143671992275
2023-08-05,40600,Los Angeles,0.8856204675382404
2023-11-23,69332,New York,0.8083760346410926
2019-10-03,50350,Chicago,0.6425403610088084
2023-04-18,50428,New York,0.5070991836247049
2018-11-24,68704,Los Angeles,0.7630079581521712
2019-08-30,51066,New York,0.5791488634339409
2022-03-23,57787,San Francisco,0.5487516702596531
2021-12-09,44941,Los Angeles,0.8727105805587175
2022-04-01,68434,Miami,0.8999795880859667
2021-08-26,75770,Miami,0.607955528225754
2019-08-18,66300,Chicago,0.6207074208663752
2022-09-02,65569,Miami,0.5659955756952675
2018-12-01,37463,New York,0.6830739103718495
2020-01-12,56122,San Francisco,0.8463375039342991
2021-05-28,55977,Miami,0.7806023808499511
2018-04-11,35103,Chicago,0.8385326232306352
2021-04-17,62843,New York,0.5913926622694322
2018-06-24,31966,Chicago,0.7921824269633921
2019-08-29,74969,Chicago,0.8674106513584241
2020-02-20,34090,San Francisco,0.6125664456857561
2022-11-05,66483,San Francisco,0.7762614174364741
2020-04-28,45679,Chicago,0.6602629646759418
2020-12-26,45168,Chicago,0.616090658063569
2022-01-20,70717,Miami,0.8878493875017398
2020-10-08,33878,Miami,0.639453291987317
2023-12-14,34356,Los Angeles,0.5431398725042749
2021-03-08,44851,San Francisco,0.6554356838481342
2019-09-17,33216,Miami,0.679071316383993
2021-03-25,32430,Chicago,0.8008843301996952
2019-11-28,71624,Miami,0.8799657067788011
2018-11-18,72251,Los Angeles,0.8268227935176851
2023-08-14,54726,Miami,0.8723765245020425
2022-10-14,50028,Chicago,0.6900240519899724
2020-06-21,72203,Miami,0.7877266272945738
2019-09-20,35000,Miami,0.623619834004961
2020-06-21,60425,San Francisco,0.5278348434076072
2020-04-14,69206,San Francisco,0.6461894101303974
2019-08-28,31588,Los Angeles,0.7791660913313191
2020-05-19,62481,Los Angeles,0.6098488440992175
2021-02-07,78447,Miami,0.8445623582566084
2021-09-15,41157,San Francisco,0.8163091399931608
2018-04-11,38947,San Francisco,0.5776170196738412
2019-11-26,77307,Miami,0.6323347049963227
2020-04-25,61397,San Francisco,0.8301210470196367
2023-04-26,60471,New York,0.5975751158045197
2022-03-12,50118,Chicago,0.6326408582668522
2019-11-03,55898,New York,0.6372267729692347
2018-08-26,40975,New York,0.8204168111303067
2021-07-29,79462,New York,0.5148121062420067
2018-01-22,52473,San Francisco,0.5295147932485658
2021-06-07,46243,Miami,0.7313806192651751
2023-06-30,43747,Los Angeles,0.6588447963984266
2019-02-05,57218,Chicago,0.753154127844283
2021-03-23,58439,Chicago,0.6065845104717531
2020-10-03,45443,New York,0.8638330709926243
2022-08-29,52297,Los Angeles,0.8043767548697824
2021-11-10,52329,Miami,0.5270984882201584
2021-11-14,79453,Los Angeles,0.8135621909140136
2022-10-01,78495,Los Angeles,0.8878329489249006
2019-08-10,60296,Chicago,0.8769742482349892
2020-08-08,56547,San Francisco,0.7941935192101791
2020-04-10,31339,New York,0.5494375013924863
2022-05-28,48348,San Francisco,0.7304307063361817
2019-12-01,47562,Chicago,0.6136930915361956
2021-04-09,66472,Los Angeles,0.8880851774544989
2019-03-28,54992,New York,0.7869942901446438
2023-12-27,56398,Miami,0.7443062359149677
2020-01-25,35774,Miami,0.7780352170418905
2021-08-30,49783,Los Angeles,0.6751916516438722
2021-10-01,48109,San Francisco,0.6490947005750427
2019-01-23,63281,San Francisco,0.8743198317759857
2021-02-23,66342,New York,0.6327708539170747
2021-05-06,44767,Chicago,0.5165744526930878
2022-09-19,37548,San Francisco,0.6603360616617829
2023-04-09,74150,Miami,0.8161361410486689
2019-12-11,53723,Miami,0.7593873432195678
2019-03-24,48906,Miami,0.8848683101911499
2018-12-17,70772,San Francisco,0.542480747047655
2019-10-27,47610,Los Angeles,0.8646185208917534
2018-11-22,52613,San Francisco,0.6475396775656248
2019-03-01,58327,San Francisco,0.689601034168765
2018-06-14,62874,New York,0.6713928617956938
2021-04-16,37659,Chicago,0.5465809124369766
2019-11-05,76686,San Francisco,0.5991185822900755
2023-04-23,34352,San Francisco,0.7969086276919168
2019-04-08,72577,Chicago,0.5092030167382781
2020-01-24,57660,Miami,0.5535551097545098
2023-05-28,45147,Chicago,0.51008406751654
2020-01-18,35046,San Francisco,0.8429552229294197
2018-02-16,61101,Los Angeles,0.7469299311127119
2018-12-04,55007,New York,0.5679714648474236
2021-03-27,38982,New York,0.8075088892215014
2023-01-13,77903,Chicago,0.8867202389806215
2018-10-16,42660,Chicago,0.8738241498120073
2018-04-26,78162,Miami,0.8686190191248662
2022-06-12,33396,New York,0.5031240861622973
2019-02-14,66730,Chicago,0.7356053955941114
2019-09-15,79982,San Francisco,0.6026530466556117
2022-05-20,66644,San Francisco,0.7258588857239435
2018-05-27,58499,Los Angeles,0.6272121156642219
2022-12-05,56796,Los Angeles,0.561466617109045
2020-12-08,38913,Chicago,0.6777974893433387
2018-04-27,40480,Miami,0.6980385308705493
2022-02-26,45727,Miami,0.8959062027390499
2022-05-04,71158,Miami,0.516955153655416
2023-11-28,54838,Miami,0.6204620795589106
2023-06-26,33504,New York,0.8407575380353292
2021-08-02,32441,Miami,0.7638781992504171
2019-05-31,63237,Los Angeles,0.8306732127383584
2018-03-16,77625,Los Angeles,0.7641163674239111
2023-03-27,69928,New York,0.8038145236584532
2020-12-02,31188,Chicago,0.6971686999988229
2022-03-03,71244,San Francisco,0.581951077159039
2018-01-29,45424,Los Angeles,0.82400154433488
2021-12-05,47354,Los Angeles,0.7271282618655877
2023-06-10,75948,New York,0.5558020775147319
2022-06-27,59837,Los Angeles,0.8219576107483464
2020-02-17,61979,San Francisco,0.8834343641450313
2022-11-05,32469,New York,0.6384655490513863
2020-05-07,53495,Miami,0.6174049008345774
2021-11-05,70023,Miami,0.5327100712830264
2020-06-04,64526,Miami,0.7657964905797663
2019-09-05,66817,San Francisco,0.8835846473985987
2018-04-01,46495,Chicago,0.554397075996643
2020-12-28,44306,Los Angeles,0.6940638525277262
2019-09-10,36992,San Francisco,0.5392952738612992
2022-03-27,31779,Chicago,0.5136439614839263
2018-01-13,34690,New York,0.7658004202670582
2022-06-29,51298,San Francisco,0.8470748701373991
2018-06-17,32538,New York,0.6350282144504119
2020-07-17,42316,Chicago,0.8503060697640397
2021-11-03,64595,San Francisco,0.5468212396604127
2020-07-11,74826,Los Angeles,0.5951842727669905
2018-04-10,33441,Chicago,0.8606426907626874
2022-12-18,35479,Los Angeles,0.703403957476268
2020-01-05,35674,New York,0.7432769535188096
2022-05-28,58869,Los Angeles,0.5152072930170032
2021-07-22,54703,San Francisco,0.5513559640591555
2021-12-04,39299,San Francisco,0.5223163250003413
2020-07-09,61562,Miami,0.8620002959798677
2022-07-18,74234,Los Angeles,0.5539179855483788
2018-10-12,47627,Miami,0.8398691306435018
2022-08-16,34835,Chicago,0.6404138797489812
2018-01-01,77947,New York,0.8202389985463121
2023-12-27,49296,Chicago,0.6460174189826989
2019-12-09,42019,New York,0.6070736158771506
2023-04-11,54470,Los Angeles,0.5374642804756229
2022-10-22,33454,San Francisco,0.6122826362296535
2023-03-07,60555,Los Angeles,0.688591886686912
2021-04-01,68713,New York,0.8270035195587182
2023-09-30,33901,Miami,0.6810059819074792
2020-05-20,62236,New York,0.888574229975047
2023-08-31,66649,Miami,0.7166532043419291
2019-09-23,61091,Chicago,0.5099782519245774
2023-12-17,51355,San Francisco,0.666146920076509
2022-02-17,56874,Chicago,0.7755596429546054
2018-04-16,37831,Los Angeles,0.5937166584999299
2018-08-14,53805,Miami,0.7794519803392634
2022-12-13,32792,Miami,0.7014789220726065
2023-04-17,68708,Chicago,0.5102951102332461
2018-09-24,30279,San Francisco,0.8097411797920824
2021-07-10,39338,San Francisco,0.7241494815256301
2019-09-07,41817,Chicago,0.5329974012324373
2018-11-28,43116,San Francisco,0.6900856133849091
2021-10-26,30815,Los Angeles,0.6149171527098987
2021-09-27,72639,New York,0.8518726170351733
2019-11-01,36081,Miami,0.6139708211228995
2022-03-26,65422,Miami,0.8766748283896796
2019-09-20,40213,Miami,0.718453099738845
2020-08-26,47194,New York,0.6294454838186885
2019-01-25,54318,Los Angeles,0.8254180069670309
2018-07-01,63280,Chicago,0.7789601513463064
2018-07-13,62723,San Francisco,0.6655849982783518
2022-08-13,34829,San Francisco,0.7518473210826373
2018-05-01,65907,New York,0.8114337056113126
2022-12-16,34383,Miami,0.8406231177133958
2019-06-10,32845,San Francisco,0.8265650854856255
2018-08-11,36160,Chicago,0.5664308354373672
2018-08-25,56563,San Francisco,0.8313558210014342
2023-11-24,61002,Miami,0.5234516235535088
2019-09-05,50477,Chicago,0.5800682726202274
2022-04-26,50713,Miami,0.7491706880263956
2020-07-11,74517,Miami,0.5458770101787618
2020-08-17,50747,New York,0.74133903802248
2018-04-06,33409,Miami,0.6231862765454255
2018-03-04,41063,Chicago,0.6717866340618593
2022-06-18,67757,New York,0.6260606013781912
2021-12-08,39515,New York,0.5280694271459618
2023-07-17,69235,Chicago,0.7003035011687844
2018-05-31,42820,New York,0.885439777757955
2019-02-08,75531,Chicago,0.7447133392640508
2019-08-19,30511,San Francisco,0.6200127486468501
2018-05-08,76556,New York,0.8824599336496077
2022-02-17,34366,San Francisco,0.655694900780891
2022-12-03,46654,New York,0.7790070935475375
2021-01-12,56704,Miami,0.7536451219689777
2023-07-16,78611,Chicago,0.8811643392155406
2021-03-05,30447,Miami,0.8658410777979348
2019-08-16,67237,San Francisco,0.5592016225400125
2020-10-21,78870,Chicago,0.534274349891769
2019-07-28,62811,Chicago,0.8238569311195318
2023-03-20,70294,San Francisco,0.8619772853187293
2022-01-21,74759,Chicago,0.6971894415691597
2018-04-27,67780,Chicago,0.77630450953351
2020-01-12,65351,New York,0.5279153120713673
2020-04-04,68178,Los Angeles,0.5879217591425887
2021-09-04,66128,Miami,0.5597504778626885
2021-03-15,32881,Los Angeles,0.7404642334200136
2023-03-25,32837,Chicago,0.5790159575064429
2019-05-08,54365,Los Angeles,0.5239385262203402
2021-04-29,63768,New York,0.6208829130944042
2023-10-29,51272,San Francisco,0.7708849716455811
2020-01-13,73350,San Francisco,0.7311454897047418
2019-02-22,44609,Los Angeles,0.6322899861978544
2023-04-09,50404,New York,0.8333915503373506
2023-02-07,66488,San Francisco,0.6105076432048359
2018-01-08,57397,Los Angeles,0.6042190553462731
2020-03-01,51729,Los Angeles,0.7239789643158353
2023-03-06,75398,Miami,0.6912862559383103
2022-11-18,41858,New York,0.6783890642401442
2022-06-05,65390,Miami,0.5623142475816268
2021-03-25,64333,Los Angeles,0.7018584766531965
2019-05-11,62907,Miami,0.6036075669101777
2019-09-19,40398,Miami,0.6568719530476061
2023-07-01,71287,Los Angeles,0.7934281790682425
2023-02-14,66410,San Francisco,0.8747451302237423
2020-03-09,43278,Chicago,0.8095451860757297
2023-11-09,60762,San Francisco,0.6622535578493055
2023-02-17,54533,New York,0.7372132557315055
2019-09-17,52855,San Francisco,0.7985991263502816
2019-02-26,55241,Los Angeles,0.6656884200383566
2020-12-28,63260,Miami,0.6440992635249204
2019-03-14,79974,New York,0.5540973183823453
2023-11-20,46723,New York,0.7945043205903503
2020-02-27,60745,New York,0.83540343632305
2022-10-12,64169,Miami,0.6266337644119812
2021-05-06,79642,San Francisco,0.8134031062570142
2018-04-11,37299,Miami,0.744085223334795
2021-11-10,30884,Chicago,0.8136332185612976
2020-02-05,69892,New York,0.6645349532598658
2021-03-27,34081,Los Angeles,0.7990305454598428
2020-06-20,30851,Miami,0.6634036471590504
2018-08-19,48681,New York,0.5355031941677811
2019-05-20,32597,Miami,0.7202315672539776
2023-05-15,52972,Miami,0.6817314905554582
2022-12-02,74761,San Francisco,0.6011519548806309
2019-10-23,60885,Miami,0.8568453339867077
2018-05-04,45956,Los Angeles,0.6531413222144005
2021-06-28,60992,Chicago,0.5156504445729125
2022-06-18,76765,Chicago,0.6528542960810362
2019-11-13,31512,Miami,0.6698039231601479
2022-04-26,70481,Miami,0.844655089277664
2021-05-18,54417,Miami,0.8196732832420175
2019-11-23,56433,Chicago,0.5799866343631697
2021-08-13,52615,Miami,0.8356116903835484
2023-10-09,68212,San Francisco,0.5991708913014661
2022-02-11,77384,Miami,0.6367736592657172
2019-01-18,55606,Los Angeles,0.5307273815909965
2019-05-24,64162,Los Angeles,0.5221425252537455
2021-11-09,41836,Chicago,0.772344048324455
2021-01-16,61960,Los Angeles,0.8693364338086933
2021-10-23,48493,Chicago,0.6972067416951315
2019-12-31,53540,Los Angeles,0.8376374847834333
2021-10-01,53739,Chicago,0.8175004998770614
2022-03-08,78761,New York,0.7658714893525318
2021-01-30,73466,Los Angeles,0.8912915724471114
2021-08-14,51277,Miami,0.8208751683505544
2023-04-22,31263,Chicago,0.6099377576857046
2021-02-08,66892,Chicago,0.8156056984884432
2019-01-10,53704,San Francisco,0.7770646585135614
2022-12-20,58035,New York,0.6598081786545407
2023-12-08,67330,New York,0.5307189880908461
2018-10-10,49718,Miami,0.5857438118472399
2019-07-15,77188,Chicago,0.818895156657342
2018-08-28,33703,New York,0.5993941152544197
2019-09-01,65738,New York,0.8991431932093392
2018-12-23,70921,San Francisco,0.7775952559954178
2023-02-18,61086,Miami,0.6908889922870431
2021-11-30,36949,Miami,0.7281746760847708
2022-03-15,44343,New York,0.7443490894165745
2019-09-05,64168,Los Angeles,0.8875779280130494
2019-03-26,78464,San Francisco,0.5646964778526078
2022-07-12,70395,Los Angeles,0.6089583210643018
2019-07-26,56604,San Francisco,0.7838364191884974
2020-06-20,77490,Los Angeles,0.5959431932574262
2023-09-18,70246,Miami,0.8485188648808202
2023-11-07,39733,Chicago,0.6386136702632474
2022-10-10,70829,Miami,0.5723357599663277
2021-07-13,37758,New York,0.5190483043399274
2022-06-19,44213,Los Angeles,0.73823801612718
2021-07-15,43393,New York,0.8301128758218207
2019-02-02,72217,Miami,0.6095172444595165
2023-10-31,30110,Los Angeles,0.8670157945035282
2021-03-24,65436,San Francisco,0.8030937080472019
2022-09-08,31054,Chicago,0.5245202729995139
2022-06-23,39987,Miami,0.7290531986698999
2022-04-07,30128,Miami,0.7269763761301062
2022-09-03,48269,Chicago,0.5809489219743921
2021-03-15,40540,Miami,0.6338177514662886
2019-09-06,47644,Los Angeles,0.6833115574335049
2018-07-03,50351,Los Angeles,0.5192311284949673
2018-04-22,57251,Miami,0.5599105637143551
2021-06-04,57581,Los Angeles,0.5656017556442234
2023-11-16,65840,Miami,0.6516943017825564
2020-11-01,43218,Miami,0.7989429834706322
2022-04-11,31010,San Francisco,0.8325214636389036
2021-01-26,39444,Chicago,0.5651396184068156
2021-10-07,63979,Los Angeles,0.8007624144027079
2018-02-21,43333,Chicago,0.7682839833552677
2020-11-06,75119,San Francisco,0.8562749567655514
2020-02-11,78632,New York,0.8875165015780688
2023-02-26,44993,Miami,0.5497842435239764
2019-03-07,72703,Los Angeles,0.5322695445683266
2021-12-08,41137,New York,0.8198920515808037
2020-02-10,44479,New York,0.5648683492343434
2019-10-08,57625,Los Angeles,0.5778298097028828
2021-11-02,69638,New York,0.8528143690103307
2021-12-14,54081,Miami,0.87558595884101
2021-10-15,47644,Miami,0.6273884975691896
2020-02-01,72933,Miami,0.8368672401751975
2020-08-05,45766,San Francisco,0.8435427638254605
2019-11-27,43773,New York,0.7421561922008145
2019-09-18,65442,Miami,0.726435379225258
2019-01-31,57823,San Francisco,0.7303353636982439
2022-10-08,56306,Miami,0.6205156750570892
2019-05-20,31929,Miami,0.7475468155755963
2023-02-04,74982,Los Angeles,0.597432108443428
2021-04-24,30947,Miami,0.5710529160302436
2020-06-26,58719,Miami,0.6651801817696026
2018-01-04,55348,Miami,0.7823121691937741
2018-06-15,74529,Miami,0.7485710749405857
2021-11-16,44590,Miami,0.885952831735881
2022-12-27,74406,Chicago,0.758582364546289
2021-01-07,78456,Chicago,0.5565256199183681
2019-06-08,52728,San Francisco,0.5644872853170072
2018-04-14,46876,San Francisco,0.5372268560311328
2022-09-24,74773,San Francisco,0.5764695059988052
2019-12-01,75074,Chicago,0.7391803602716485
2023-12-18,73205,San Francisco,0.8353145900059262
2023-04-23,45581,Los Angeles,0.857547060826983
2021-08-01,46889,New York,0.6600175546740195
2019-03-25,63130,Los Angeles,0.7234332114348927
2020-05-03,32205,New York,0.8236798368603253
2022-05-29,72139,New York,0.6248282084780676
2023-05-26,53185,Miami,0.738267601775478
2019-03-16,59114,San Francisco,0.5696330044214662
2018-05-12,79547,New York,0.6906161362072378
2021-02-04,33377,Miami,0.5692289041453873
2018-08-02,43640,Los Angeles,0.6849705561196582
2022-06-03,34440,Miami,0.6587278767070318
2020-04-13,66274,New York,0.6733059294001973
2020-04-24,46015,Miami,0.5974848904426072
2021-07-15,58601,Miami,0.5544173369514025
2021-07-29,79283,Los Angeles,0.6102661311679543
2021-10-15,54438,Los Angeles,0.5958320156975636
2022-12-09,36076,New York,0.7937184810337798
2020-05-08,72919,Miami,0.7867900291926184
2020-01-20,43822,Chicago,0.7337931975057089
2021-12-13,49381,Miami,0.53653351926751
2023-04-06,75123,New York,0.7265047417120132
2019-10-19,72552,Chicago,0.5316948103762391
2022-02-19,51583,Miami,0.5072692077104951
2020-03-19,56925,Los Angeles,0.6410384460550623
2021-02-04,34698,New York,0.5962179676255598
2019-08-19,64895,Miami,0.737859072573217
2020-01-25,51515,Los Angeles,0.8714569952278455
2021-12-11,70439,New York,0.7879408111084769
2020-07-08,47310,Chicago,0.8069443447883948
2018-11-21,57834,Chicago,0.8803572441482491
2021-12-10,64372,New York,0.7536364323586271
2019-10-25,54891,Los Angeles,0.7310923765639302
2018-03-21,71504,Chicago,0.7407471903810834
2018-03-25,70107,New York,0.8463221026269864
2020-10-31,38829,Miami,0.6552396140827941
2022-03-05,45676,New York,0.8181344901552017
2022-06-30,75613,New York,0.7609027739908646
2020-04-28,36429,New York,0.6218286203127854
2023-09-01,46634,Los Angeles,0.5054753643936367
2022-09-28,39371,San Francisco,0.583967996034768
2021-09-22,58391,Miami,0.7799955058507444
2021-09-06,79947,Los Angeles,0.731876123898094
2021-02-27,38318,New York,0.6098378799281144
2023-01-17,68984,Miami,0.6737209885604096
2018-12-30,35195,Los Angeles,0.7644595062325652
2020-10-16,33278,Chicago,0.5508344561959588
2019-04-12,58198,Miami,0.6729118323404866
2019-11-29,41531,San Francisco,0.6666496859927917
2020-06-30,33530,San Francisco,0.7170404080480962
2021-07-31,38025,Miami,0.708765472087398
2018-11-10,39906,Miami,0.6470906740271398
2023-06-20,37208,New York,0.8050934515250185
2023-04-23,72182,New York,0.5268916159964855
2018-03-20,36430,New York,0.5142153890137384
2022-12-18,48070,Miami,0.6681037358393501
2022-05-27,39339,San Francisco,0.8586777000683257
2022-09-16,50043,Chicago,0.6110277402118677
2023-09-24,59987,San Francisco,0.5689237298790613
2023-08-08,34564,New York,0.8712833577317505
2022-06-12,49396,Los Angeles,0.5672893018330281
2023-06-19,72559,San Francisco,0.6499362146854102
2022-06-02,34868,New York,0.7916062041345968
2019-05-26,59361,Miami,0.6043696033910407
2022-06-20,67748,Chicago,0.5919398111174725
2018-04-21,72141,Los Angeles,0.6590668935726216
2019-06-25,45165,San Francisco,0.8149459258387302
2022-09-26,30603,New York,0.8643933412650026
2023-09-29,62367,San Francisco,0.5125170111639095
2020-08-03,53763,Chicago,0.5660432509487681
2022-02-07,69002,Los Angeles,0.883440515658763
2022-11-12,74570,San Francisco,0.7371165166195873
2021-05-03,68834,Chicago,0.7205641076615279
2021-09-06,40463,Los Angeles,0.8254174717135978
2018-08-25,50318,San Francisco,0.515913319211378
2019-10-25,72769,New York,0.5055345004691899
2023-10-29,37992,Chicago,0.8869976198806367
2023-10-24,45347,New York,0.8314282742290724
2021-04-01,61523,Chicago,0.7989527126233075
2022-08-13,38393,New York,0.5622803080579467
2019-01-09,42079,New York,0.690641569217304
2021-11-08,32096,San Francisco,0.874917415426339
2019-09-04,49399,San Francisco,0.8734398382495818
2023-01-08,53157,New York,0.5036988427918115
2022-11-23,57203,Chicago,0.800996563602463
2021-11-08,54263,San Francisco,0.5024951065786841
2022-08-02,65134,San Francisco,0.8937206910682227
2021-09-10,45304,New York,0.6667868807982794
2021-07-21,33077,Chicago,0.8894075031920399
2022-06-19,70545,New York,0.647098723612255
2019-04-17,30055,Miami,0.6172749162293686
2019-09-07,37644,New York,0.6265167855338419
2022-07-18,60126,Chicago,0.792271626655436
2021-05-12,32086,San Francisco,0.5798691335720788
2019-03-27,42849,San Francisco,0.8456230767170603
2023-06-08,32312,Los Angeles,0.736229077450697
2023-07-26,62378,New York,0.887964410379708
2019-02-06,55793,San Francisco,0.8948339613944595
2022-09-01,68210,Miami,0.5740728005208582
2018-09-01,51693,San Francisco,0.8823128214304071
2022-06-19,45627,Miami,0.5186153945516735
2023-05-01,33466,San Francisco,0.5111454896492422
2022-12-15,66884,San Francisco,0.8775458309314208
2022-08-09,72084,Chicago,0.8849586949799975
2023-12-20,68670,San Francisco,0.5588990690687958
2020-03-08,33704,Miami,0.6769663261555993
2019-04-10,30052,Chicago,0.697637011195273
2019-03-22,71415,San Francisco,0.8441124946073217
2023-02-26,46029,Chicago,0.7511668972784676
2021-01-29,49726,San Francisco,0.8098265696806461
2023-12-23,39842,Los Angeles,0.6940387381725164
2018-02-02,47134,Chicago,0.7593654808967314
2022-07-14,30819,Miami,0.7941637440103435
2022-11-17,37200,Los Angeles,0.7951525135669206
2021-07-31,54983,San Francisco,0.500695130713869
2020-12-11,52265,San Francisco,0.5399632294920242
2022-06-03,34870,Los Angeles,0.6454641764417663
2022-06-11,59761,New York,0.5244789788414167
2022-06-20,31099,Los Angeles,0.6531958809470868
2023-08-19,32556,Miami,0.6558267393888769
2023-07-09,35830,San Francisco,0.8680934149110959
2021-12-13,73816,Chicago,0.7268287419578764
2018-07-06,75964,New York,0.7825405122134633
2023-04-04,51411,Chicago,0.8548794728344914
2022-02-09,54638,Los Angeles,0.676851728259727
2023-11-30,64245,San Francisco,0.5007848578389529
2022-05-15,30442,Miami,0.6141344098501655
2018-09-05,51068,Los Angeles,0.8256634800149948
2020-10-01,73392,Los Angeles,0.86073646792003
2020-10-28,63793,Chicago,0.6406038324472885
2021-08-05,44036,Chicago,0.6175965011916194
2020-01-18,47101,San Francisco,0.8698020844274934
2018-03-17,39818,Chicago,0.640429494393112
2020-11-30,76192,New York,0.7608980752306633
2020-10-21,61851,San Francisco,0.6121236940202254
2018-08-01,76229,Miami,0.5391675195162966
2021-02-07,67864,New York,0.7004945247144054
2021-04-04,48281,Los Angeles,0.869292734847267
2019-07-28,46410,Chicago,0.747456301570922
2018-04-14,60107,Miami,0.5835306499134938
2023-05-25,62747,San Francisco,0.7729718293470452
2019-08-04,39965,Chicago,0.807344457639053
2019-05-10,38760,New York,0.6283042247659836
2020-06-06,38250,Los Angeles,0.7236837605724155
2021-03-02,57665,Los Angeles,0.7727812525869291
2018-12-03,59910,Chicago,0.5641412581521953
2018-06-15,45199,San Francisco,0.885640375908985
2020-01-05,69132,San Francisco,0.6805007845799368
2019-01-09,61949,Chicago,0.8918657561888266
2022-02-27,54967,Chicago,0.575829546337798
2023-05-23,73290,Chicago,0.6935094185238577
2022-07-23,69185,Miami,0.566341461470335
2022-05-05,36852,Chicago,0.5040723289535755
2018-09-23,57055,Miami,0.595150069030081
2023-09-30,74766,New York,0.6612749348272333
2021-04-15,47756,Chicago,0.6724522950896943
2019-06-09,49961,Chicago,0.8546020620416819
2023-05-11,38008,San Francisco,0.7542709055523368
2021-01-28,50154,Chicago,0.673776662087412
2018-12-25,37963,Miami,0.8951990798439251
2020-11-26,73014,Miami,0.7456897326506743
2022-07-09,63671,Chicago,0.6290651859939886
2019-03-05,65509,Miami,0.776524352484318
2018-02-05,42151,Chicago,0.698279969073202
2020-02-22,43816,New York,0.8524670776272689
2023-09-09,40266,Miami,0.8586045048253286
2018-03-02,66475,Miami,0.6469401600484679
2020-10-13,78933,Miami,0.7249356203440577
2022-12-27,50913,Miami,0.6063093776185222
2018-06-05,45892,Chicago,0.75065470069702
2020-11-23,49319,Chicago,0.8969387849278699
2019-03-12,36584,New York,0.8330354071288736
2021-12-06,54509,Chicago,0.6465639601211302
2018-02-26,59111,Miami,0.538152140797397
2019-11-11,32688,New York,0.8866727949494058
2020-08-15,62358,Los Angeles,0.655833911471088
2022-05-14,46787,San Francisco,0.6173523573067261
2022-12-22,77559,New York,0.626534157162227
2018-04-25,49506,San Francisco,0.6959693466555387
2023-07-12,66254,Miami,0.8827005594996002
2023-08-24,33621,Los Angeles,0.8946489285333965
2020-02-09,31918,San Francisco,0.6184506909409582
2018-09-16,66841,New York,0.640587483098994
2023-02-02,42933,Chicago,0.7047226240264148
2022-01-24,75115,San Francisco,0.5032749154518944
2022-04-25,38144,Chicago,0.5699346252976436
2022-06-02,50925,San Francisco,0.8744236082019226
2021-07-30,60495,Miami,0.5117740948245445
2019-01-07,30966,Chicago,0.5403905118882175
2021-03-10,33275,Los Angeles,0.6682588068134875
2020-08-18,72641,New York,0.7925800996636048
2022-03-15,51151,Los Angeles,0.6075512921561395
2020-12-25,50570,San Francisco,0.6223862362215564
2021-05-14,59735,San Francisco,0.6221891920497546
2019-02-25,63525,Los Angeles,0.8490407707014427
2021-08-26,77398,San Francisco,0.5904390424909671
2022-10-01,69492,Miami,0.7249607304052761
2019-10-12,40619,New York,0.8999724588075264
2021-03-27,75607,Miami,0.7913861979572072
2019-11-25,34223,Chicago,0.6345402621187703
2019-07-09,41471,New York,0.8061835881329638
2023-09-15,79165,New York,0.8815662829542437
2018-12-22,71446,San Francisco,0.6494151228610338
2022-09-17,49851,Chicago,0.7832044960277322
2022-09-27,30359,Los Angeles,0.5303217052477557
2018-03-23,50811,Chicago,0.8581187347016568
2023-09-18,44134,Los Angeles,0.5385026898497248
2019-07-04,60116,Chicago,0.6491700385046378
2018-12-29,67970,Chicago,0.7170023371448943
2019-07-07,56827,Los Angeles,0.6054310569800876
2023-03-19,49123,Miami,0.759707730394871
2022-07-27,36306,San Francisco,0.7217714909569646
2021-12-30,62848,San Francisco,0.7868740961192424
2019-06-27,63308,San Francisco,0.6416557460488643
2022-12-05,77497,Los Angeles,0.7184055558610694
2022-06-13,58680,San Francisco,0.8248741600724916
2018-08-28,75201,New York,0.8242785384005823
2023-04-20,54812,Chicago,0.7856959899407526
2023-07-17,55820,Los Angeles,0.7167743558459918
2023-01-23,56265,Los Angeles,0.7693044403097982
2023-07-15,33422,New York,0.5347521160448203
2023-04-23,74155,Chicago,0.688526880284293
2018-03-02,62869,San Francisco,0.8440574001218597
2018-01-25,68587,Los Angeles,0.7429459286906569
2018-06-10,51497,Los Angeles,0.8766732423300361
2021-11-07,59755,Los Angeles,0.6048714085176323
2019-01-03,72170,Los Angeles,0.5385207208443101
2018-04-27,66114,Los Angeles,0.7506453742415546
2023-07-14,36668,Los Angeles,0.5363703719281522
2023-07-20,32945,New York,0.8128541453697664
2018-01-17,43595,Los Angeles,0.6026969632596229
2020-08-06,40179,Miami,0.7155007433774626
2020-03-25,40173,Chicago,0.824550816120645
2023-02-20,63552,Chicago,0.81521414748012
2018-06-22,62027,San Francisco,0.6983900108316834
2021-02-17,66614,Los Angeles,0.890338565326189
2022-05-11,53040,Los Angeles,0.6990532628363363
2021-10-10,52535,New York,0.6115165666764222
2021-09-23,64619,Miami,0.6209724978206748
2019-03-09,52900,Chicago,0.7974570895509081
2023-07-01,75567,Chicago,0.6748428155562375
2021-11-14,69332,San Francisco,0.6675153939141961
2019-01-13,77532,Los Angeles,0.5081946381079738
2018-08-20,66565,New York,0.6221112641684197
2020-01-08,48166,San Francisco,0.8441532319366427
2020-05-31,61231,San Francisco,0.8214017992908588
2020-09-21,49656,San Francisco,0.7986043439930641
2022-12-26,61343,New York,0.5092513546702879
2023-10-18,64730,New York,0.5107961165726773
2022-11-24,49425,Los Angeles,0.624585983756353
2019-01-06,52596,New York,0.6897813088872533
2021-10-30,71741,San Francisco,0.863896507194508
2022-05-04,62397,Los Angeles,0.6538519264022158
2021-01-28,73945,San Francisco,0.6154100011451571
